{
  "swagger" : "2.0",
  "info" : {
    "title" : "CustProdsAndServsProREST",
    "version" : "1.0.0",
    "description" : "CustProdsAndServsProREST"
  },
  "paths" : {
    "/customer-validation" : {
      "post" : {
        "operationId" : "postCustomer-validation",
        "responses" : {
          "200" : {
            "description" : "The operation was successful.",
            "schema" : {
              "type" : "string"
            }
          }
        },
        "consumes" : [ "application/json" ],
        "produces" : [ "application/json" ],
        "description" : "Insert a customer-validation",
        "parameters" : [ {
          "name" : "body",
          "in" : "body",
          "schema" : {
            "type" : "string"
          },
          "description" : "The request body for the operation",
          "required" : true
        }, {
          "name" : "channelId",
          "in" : "header",
          "type" : "string",
          "required" : true,
          "description" : "Código del canal donde se generó la transacción"
        }, {
          "name" : "countryCode",
          "in" : "header",
          "type" : "boolean",
          "required" : true,
          "description" : "Código del país donde se originó la transacción"
        }, {
          "name" : "traceId",
          "in" : "header",
          "type" : "number",
          "required" : true
        }, {
          "name" : "timeStamp",
          "in" : "header",
          "type" : "string",
          "required" : true,
          "description" : "Fecha y hora de la transacción"
        }, {
          "name" : "messageId",
          "in" : "header",
          "type" : "string",
          "required" : true,
          "description" : "Identificador único de la transacción del consumidor"
        }, {
          "name" : "consumerId",
          "in" : "header",
          "type" : "string",
          "required" : true,
          "description" : "Identificador de la aplicación donde se originó la transacción"
        }, {
          "name" : "ipOrigen",
          "in" : "header",
          "type" : "string",
          "required" : true
        }, {
          "name" : "serviceId",
          "in" : "header",
          "type" : "string",
          "required" : true,
          "description" : "Identificador del servicio invocado"
        }, {
          "name" : "parentId",
          "in" : "header",
          "type" : "string",
          "required" : true
        }, {
          "name" : "funcionalidadId",
          "in" : "header",
          "type" : "string",
          "required" : true
        }, {
          "name" : "netId",
          "in" : "header",
          "type" : "string",
          "required" : true,
          "description" : "Identificador de la red a la que pertenece el usuario"
        }, {
          "name" : "userId",
          "in" : "header",
          "type" : "string",
          "required" : true,
          "description" : "Identificador del usuario que realizó la transacción"
        }, {
          "name" : "branchId",
          "in" : "header",
          "type" : "string",
          "required" : true,
          "description" : "Código de la sucursal donde se realizó la transacción."
        }, {
          "name" : "cardIdType",
          "in" : "header",
          "type" : "string",
          "required" : true
        }, {
          "name" : "deviceId",
          "in" : "header",
          "type" : "string",
          "required" : true,
          "description" : "Identificador del dispositivo donde se generó la transacción"
        } ]
      }
    }
  },
  "basePath" : "/custprodsandservsprorest/v1"
}